2018,HumanEdge,,,,,,type,NaturalEdge,,,,,
Distance,NDVI_Mean,NDVI_P25,NDVI_P50,NDVI_P75,NDVI_StdDev,,,NDVI_Mean,NDVI_P25,NDVI_P50,NDVI_P75,NDVI_StdDev,
10,0.6739541222910792,0.5860047138180664,0.6796903945428656,0.7733854584144991,0.12804268350165818,,,0.6742239036349161,0.5860217911780886,0.6953635292449796,0.7734060299454858,0.1316691897790412,
20,0.6915826736265615,0.6016431203007698,0.6953257274453593,0.7890133712887075,0.12387916114582254,,,0.6940891401884768,0.6172708779489786,0.7109938247823092,0.7890279784235378,0.12293006237069684,
30,0.7003622189516736,0.6172678644765681,0.7109573758622996,0.7890133479245179,0.11865567416426744,,,0.7009303122372093,0.6328994018603844,0.7109954061502302,0.7890398489246033,0.11731545417583698,
40,0.7183562851064589,0.6485285495576584,0.726605522893986,0.804643490131263,0.11435251202016786,,,0.7127163519223235,0.6329100410848962,0.7266383415528319,0.8046396811270411,0.11439166057876207,
50,0.7288305909946521,0.6485430900254259,0.7422233992271762,0.8202644241059945,0.11294025385408285,,,0.7177634431873073,0.6445584812986682,0.7382981041739235,0.8007770452226304,0.11281434103909563,
60,0.7315499171721678,0.6641643580116747,0.7422254237600108,0.8202665403086165,0.11140449904671332,,,0.7170723064571705,0.6445570282145338,0.7304830142759102,0.8007720192786705,0.11105046219666292,
70,0.7404762767035561,0.6641811163044896,0.7578683838990299,0.820285301699263,0.10961462872864933,,,0.7247283227828173,0.6485389794750474,0.7422587076273375,0.8046642673101918,0.11052131285429198,
80,0.7412365547302362,0.6641815378168094,0.75785499689151,0.8202922022537738,0.10949591233860359,,,0.722073598619235,0.6485403935498466,0.74223685217281,0.8046564056391815,0.10972279620006688,
90,0.7453547752682054,0.6798029456364036,0.7578731884404365,0.8358844912242464,0.1083888584365595,,,0.7247900316252722,0.6485438748469154,0.7422433935436059,0.8046614634159415,0.1091920888704419,
100,0.7486348759347454,0.6798101696881479,0.7735028585761767,0.8359059159354773,0.10803246647029961,,,0.7266707680330919,0.6485445290611213,0.7422447686367452,0.8046703079664839,0.10902272447911675,
110,0.7501233925594389,0.6798138971969315,0.7735078222651401,0.8359007723221563,0.10733761012799786,,,0.7268787529043109,0.6641513425390904,0.742243955332224,0.8046667704021366,0.10851599678061506,
120,0.7519925951770728,0.6798188891997127,0.7735106717514882,0.8359149418081552,0.10728681320008171,,,0.7276057537564068,0.6641548705271777,0.7422477888555018,0.8046670478383054,0.10852935746973236,
130,0.7542084229852238,0.6954406855576839,0.773518203852314,0.8359141546682294,0.10638544113110517,,,0.7288605737217794,0.6641519389906954,0.7422475216190059,0.8046810032810433,0.1082024036277015,
140,0.7540697323932777,0.695439228822711,0.773514039788698,0.8359166989930458,0.10648574703912253,,,0.7278760674098101,0.6601713440692709,0.7426680971324278,0.8085966549069478,0.10811630372436636,
150,0.7568410619024241,0.6954441463689746,0.7735249848074345,0.8359229131372364,0.1055457051732021,,,0.7298829268729239,0.6641579224260172,0.7422506195986357,0.820247172876622,0.10784698664192777,
160,0.7572114322551355,0.6954409667738138,0.7735213800373981,0.8359274535354877,0.10553940532895577,,,0.729118438299677,0.6641515588358323,0.7422415049839239,0.8202479271961638,0.10786756097816115,
170,0.759738701006426,0.6954481522105606,0.7735271087037747,0.8359354861203928,0.10505996676258327,,,0.7308555454934432,0.664156324322359,0.7422442043270163,0.8202590023797984,0.10787932083120062,
180,0.7603211278589638,0.6954524672340076,0.7735275465869716,0.8359352453240781,0.10454463999523325,,,0.7308274192098226,0.6641621244227917,0.7422442284135902,0.8202537669601491,0.10754411553811288,
190,0.7624383875525262,0.6954503361965971,0.7891469026818055,0.8359449405999556,0.10417001059405716,,,0.7323583034061036,0.6641576550712492,0.7422453561016729,0.8202568197144641,0.10760891029791805,
200,0.7628243378630342,0.6954568547351161,0.7891444055354412,0.8359458433320901,0.10390215735543591,,,0.7321284484997759,0.6641612302422922,0.742245706197823,0.8202582537973827,0.10752058332413704,
210,0.7649405913229921,0.7110801471232192,0.7891515736425585,0.8515234903602692,0.10338661410027469,,,0.7337128705636506,0.6641625142057064,0.757870475492504,0.8202687826104783,0.10741354466777815,
220,0.7652628315831987,0.7110806017261073,0.7891504105878063,0.8515242245105104,0.1033333683695869,,,0.733621945007819,0.6641587760859246,0.7578693933478137,0.8202618595196086,0.1073883868369184,
230,0.766523592822538,0.7110816223844292,0.7891535487826943,0.8515354427336218,0.10289112356556379,,,0.7343235779667143,0.6641659352272962,0.7578645170473461,0.8202696619426435,0.10733466235152608,
240,0.7673356340481801,0.7110814423390612,0.7891546292918904,0.8515354596285766,0.10270200419820226,,,0.7350799343905137,0.6641665027676693,0.7578643700495277,0.8202741175854187,0.10735141717407612,
250,0.7681135922420363,0.7110834445422487,0.7891562283516343,0.8515378028923373,0.10233727979948719,,,0.7352083415682669,0.6641617774112445,0.7578693035564723,0.8202742449710644,0.10725234632626703,
260,0.7687216840987473,0.7110789080785407,0.7891575842559885,0.8515418165803987,0.10204747386395631,,,0.7354935399417,0.6641602213551562,0.7578707650197176,0.8202735593307712,0.10715137520503039,
270,0.769581027247393,0.7110836325464353,0.7891572977772369,0.8515442407393427,0.10182592126452604,,,0.7359387355179583,0.664167375815647,0.7578681442363311,0.8202754681936071,0.10729102169933731,
280,0.7703312822885889,0.711084596769392,0.7891596610907067,0.8515499097579184,0.10152443780085599,,,0.7365307876051115,0.6641714623791528,0.7578680081714931,0.8202755316813888,0.10707452835325136,
290,0.770773119540084,0.7110869650274726,0.7891589530687776,0.8515512227383836,0.10128893250973048,,,0.7364124131494975,0.6641706461923427,0.757865367429516,0.8202760822067408,0.10715240792994915,
300,0.7719916899982896,0.7110849156384405,0.7891639238070314,0.8515550605237278,0.10097532775778165,,,0.737483038708655,0.6641739023394515,0.7578716665677755,0.8202773116956571,0.10713980643208958,
400,0.7778156927459837,0.7267194969179209,0.8047883842854651,0.8515807768847495,0.09879801875148395,,,0.7412593894393351,0.679792639375746,0.7578742966960962,0.8202985882841017,0.10702762974412203,
500,0.7819525772915584,0.7267278308352949,0.8047988295456786,0.8516064392066147,0.09722968041579051,,,0.7443681999857008,0.6798008577372995,0.7578796055374978,0.8203083948902663,0.1068555811837243,
600,0.7853903147885758,0.7267307560406514,0.804800474124864,0.8516193613988915,0.09610433584474591,,,0.7473139378507009,0.6798056521407418,0.7735128020454544,0.835899443097191,0.10671123453226056,
700,0.788101760735462,0.7423478756952115,0.8048034315270421,0.8671787048442507,0.0952785181919245,,,0.7498063953577558,0.6801994917713733,0.7738371522767291,0.8355525560519675,0.10658557708850411,
800,0.7905840238526505,0.742347201451094,0.8204417302951785,0.8672082269413551,0.09474765576396545,,,0.7521011878651461,0.679818835323402,0.7735233042886493,0.8359274278026478,0.10643791999636128,
900,0.79279212068397,0.7423568327061013,0.8204549701637995,0.8672298028364012,0.09433876319843203,,,0.7540881600878403,0.6954390318169085,0.7735202857195587,0.8359365001963185,0.10632788233160294,
1000,0.7948409853774092,0.7461234721315321,0.8164398973301664,0.8632979444561013,0.09397520621964678,,,0.7558111272250154,0.6954351797100972,0.7735252671826728,0.8359519710732431,0.10624297084195422,
,,,,,,,,,,,,,
2019,HumanEdge,,,,,,,NaturalEdge,,,,,
Distance,NDVI_Mean,NDVI_P25,NDVI_P50,NDVI_P75,NDVI_StdDev,,,NDVI_Mean,NDVI_P25,NDVI_P50,NDVI_P75,NDVI_StdDev,
10,0.6953208885381068,0.6289376016363893,0.7070466240003986,0.7695036409844312,0.10593779330889906,,,0.6636804123703979,0.5976903514022935,0.6914291232264642,0.7538834110089584,0.124975387127568,
20,0.7137469896855317,0.6601973062554206,0.7304832631301459,0.7851246928457406,0.09733668999781324,,,0.6920343647931412,0.6367605219156517,0.7148739865007429,0.7695117085350044,0.11088122216676727,
30,0.7209580848931952,0.6680177444780786,0.738297373333286,0.7851194398734116,0.09080856653749626,,,0.7051776548966288,0.6523865835420214,0.7305011209832873,0.7773118093021961,0.10305911420530019,
40,0.7357354563974524,0.6914599766701529,0.7461074193419853,0.7929340138502059,0.08519273557239868,,,0.7188096060747737,0.6758344616586782,0.7383154959531598,0.7851234464819891,0.09740608633809693,
50,0.7433056088945568,0.6992808817840322,0.7539203185675444,0.8007420229147284,0.08218238229653795,,,0.7243750033340024,0.6836455308424334,0.7461144281574894,0.7851264129990001,0.09432699469632962,
60,0.7468293194630067,0.7070977132966219,0.761736479652278,0.8007415279717329,0.08052021455510779,,,0.7271868189847982,0.6836522628252089,0.7461174440323528,0.7851228600972225,0.09145848534415815,
70,0.751654921676337,0.7149109320030853,0.7617445364808882,0.808547503456535,0.07965823980559184,,,0.7320306061282977,0.6914704267235108,0.7539232822784528,0.7929304696227991,0.09051230283230373,
80,0.7535287962091685,0.7149138289944982,0.7695484476687787,0.8085445430034149,0.0781490136551813,,,0.7330857508440359,0.6914673445479445,0.7539228087481654,0.7929259626764169,0.08781317943791365,
90,0.7554525194322523,0.7227271708311978,0.76955283217027,0.8085471332699438,0.07770226200616999,,,0.7346501157553688,0.6992843525301176,0.7539255566535658,0.7929272691639125,0.0876172638075591,
100,0.7584001531253082,0.722728222776942,0.7695560422344615,0.8085521246401054,0.07684310322681945,,,0.7367430201009988,0.6992856380436009,0.7539273930149909,0.7929308160718157,0.08618364356292205,
110,0.7597787650543221,0.7227306434581948,0.769560229707571,0.8085534927126641,0.07654455505873393,,,0.7377808398002754,0.6992883039740279,0.7539263535078266,0.7929287616876539,0.08578378572322609,
120,0.7609115656060452,0.7227331909837186,0.7773617826317567,0.8085535204070033,0.07598830613513421,,,0.7382208963651711,0.6992852250577252,0.7539269111741574,0.792928237211614,0.0850114116080156,
130,0.7626614532820911,0.7305428778736256,0.7773652890704189,0.8163535151626626,0.07543552106020575,,,0.7395158977843945,0.699287707953529,0.7539299304779417,0.7929308704029714,0.08469366995719178,
140,0.7637521264960314,0.7305463784747445,0.7773665515627172,0.8163523252601899,0.07486302852079937,,,0.740087177183251,0.6992884990775073,0.7539282856149108,0.79292885198971,0.08404258803730975,NaturalEdge
150,0.7649576647909793,0.7305458156196204,0.7773697465075508,0.8163544931898272,0.07447847362690892,,,0.7407308706175919,0.7070997269097563,0.7539295039204986,0.8007309333342271,0.08393571528712165,
160,0.7663133543677482,0.730550423200953,0.777371169108928,0.8163544194001653,0.0738667551715396,,,0.741697018658701,0.7071045626703528,0.7539317817191237,0.800729428765399,0.08343920953857106,
170,0.7672948827055104,0.7383583890009601,0.7773727496240558,0.8163566849059168,0.07349596583833459,,,0.7419726849819908,0.7071033909947392,0.753930652066472,0.8007303369448991,0.08335180290748564,
180,0.7685137356251899,0.7383603185370364,0.7773758209651545,0.8163567778469275,0.072917229140898,,,0.7428501307532445,0.7071034763864877,0.7617414587564478,0.8007282975031511,0.08290100636913135,
190,0.7697390449780983,0.738361490383246,0.7851758023643672,0.8163598036015531,0.07253020629807823,,,0.7435415547200809,0.7071016671168705,0.7617427532626979,0.8007324521657769,0.08284941510789319,
200,0.7707074834495298,0.7383623545440995,0.7851773675815251,0.8163601284867523,0.07199615131661534,,,0.7440891231048563,0.7071041644647836,0.761744728668936,0.8007326347769915,0.08244978153541432,
210,0.7719253837134238,0.7383636084321721,0.7851813004628742,0.816362397005962,0.0716170490861622,,,0.7448566210219201,0.7071040315357094,0.7617444828025284,0.8007329977495055,0.08239505959935334,
220,0.7728181455672675,0.7383656452191034,0.7851807293187562,0.8163624071479634,0.07112695381356482,,,0.745498661801846,0.7071007758135369,0.7617464252254218,0.8007333113553984,0.08207289705054145,
230,0.7734321116488443,0.7461621119246455,0.7851820022749262,0.8241603664442962,0.07075015593022176,,,0.7456789341070905,0.7071040456892334,0.7617472137798761,0.8007350353672744,0.08193889291755037,
240,0.7745762042921409,0.7461629896419251,0.7851854726813948,0.8241613158622593,0.07030251564559285,,,0.7466226677100487,0.7071032745636333,0.7617483037962509,0.8007363647481266,0.0817390642951733,
250,0.7751226602616701,0.7461644302054402,0.7851848023921149,0.8241621150995628,0.06984653541357107,,,0.7466656723359063,0.7071038901225123,0.7617468237336851,0.8007361202582879,0.08150397730301515,
260,0.7760736290451586,0.7461662155884928,0.7851877917768527,0.8241623831562217,0.06950152927525005,,,0.7474335907027141,0.7149164797768905,0.7617492593057401,0.8007339640677418,0.08132032952008175,
270,0.7765889808444105,0.7461676047792423,0.7851885846258583,0.824162894859301,0.06910141103292963,,,0.7476274944899645,0.714916104342854,0.7617477999540896,0.8007364278633403,0.08120232365252343,
280,0.7775496829476016,0.7461673769567758,0.7929867880193722,0.8241633789016561,0.06867248320176023,,,0.7484674465307254,0.7149168886330944,0.7617501596872186,0.8007388417760349,0.08100202371285878,
290,0.7779162281582377,0.7461694565168708,0.7929875841994445,0.8241633640904994,0.06832040145939526,,,0.7483656268649982,0.7149155776859704,0.7617498389344916,0.8007382793852326,0.0808553028525686,
300,0.7789115958760425,0.7461704213327098,0.7929885507039633,0.8241653729265318,0.06800527087508136,,,0.7493743909991069,0.7149164567217906,0.7617524794561422,0.8007420934070617,0.08076485984070933,
400,0.7842121984867028,0.7539846236647499,0.7929999768583841,0.8241711674324059,0.06496906303606698,,,0.7530529968398411,0.7149188990117935,0.769555422876505,0.8085414160732398,0.0797209675162614,
500,0.7877333524249633,0.7618060027156079,0.8007987260188408,0.8319670376692095,0.06277633348116046,,,0.7563306484813391,0.7227316329734639,0.7695632719020833,0.8085466379945262,0.07882489851443326,
600,0.790319382855552,0.7618089393654506,0.8008053705916741,0.8319700353979933,0.06114892929015879,,,0.7592261434910633,0.7227323914150784,0.7773696456156243,0.8085526445667188,0.07810400857141633,
700,0.7921074680380386,0.7618116210674695,0.800811258325627,0.8319717727674736,0.06000709419639158,,,0.7616470917144256,0.7305439394692124,0.7773742058569307,0.8163502670928751,0.07752770571893572,
800,0.7933950868030194,0.7696202280256651,0.8008147938152275,0.8319778349176155,0.05928103883959923,,,0.7637379148241109,0.7305457258501433,0.7773773830240854,0.8163541195611443,0.07705556522354173,
900,0.7943818688126233,0.7696211945954529,0.8008146234363634,0.8319771356192552,0.05874642322925535,,,0.7655561995934513,0.7305483979592702,0.7773812925883313,0.816359712788586,0.07661443354436988,
1000,0.795118406126654,0.7696236342714056,0.8008177067145527,0.8319815232929958,0.058427124274554855,,,0.7671540525483205,0.7305480985542717,0.7851862035199911,0.8163636575564444,0.07622278679502636,
,,,,,,,,,,,,,
2020,HumanEdge,,,,,,,NaturalEdge,,,,,
Distance,NDVI_Mean,NDVI_P25,NDVI_P50,NDVI_P75,NDVI_StdDev,,,NDVI_Mean,NDVI_P25,NDVI_P50,NDVI_P75,NDVI_StdDev,
10,0.6988062098531838,0.6289296348851038,0.707040740003319,0.7851419127840185,0.10948548023814075,,,0.6695870002779944,0.6054981594963394,0.6992419887475367,0.7616980967427928,0.12485972197522086,
20,0.7189269577876334,0.6601891042649503,0.7304813621648262,0.7929591785486774,0.10163605414475015,,,0.6976075832608294,0.6367578222326484,0.722682891765435,0.7773178104034582,0.11169569707247602,
30,0.724961647086852,0.6680100992193947,0.7382964763549793,0.792946462777188,0.09510112624184737,,,0.709177843218489,0.6602005312377219,0.7304981727997579,0.7851228126302524,0.10393105115619511,
40,0.7407029496450663,0.6914524850691546,0.7539128756953571,0.8085634917527338,0.0893486685377602,,,0.7226688807033305,0.6758297702787774,0.7461124374836031,0.7929328576254299,0.098670876127347,
50,0.7499746950922536,0.7070848114862842,0.7617374182267138,0.8163778156429726,0.08675749382420261,,,0.7285570737214949,0.6836485936614048,0.7461161212832255,0.7929390370343123,0.09586328183617927,
60,0.7528424197608394,0.707090360814455,0.7695460578873204,0.8163718173860001,0.08500378450286351,,,0.731109799590904,0.6836499592020152,0.7461158843522946,0.7929359222325382,0.093177950061763,
70,0.7580051742120495,0.7149050745776654,0.7695545353059183,0.8163755647139711,0.08340038138108398,,,0.7360236188746765,0.6914658522829925,0.753925605722926,0.8007424082104259,0.09183579168790572,
80,0.7601498263214105,0.7227173436021042,0.7773623990966404,0.8163766827868261,0.08239193902773709,,,0.7363560574305225,0.6914634801182171,0.7539214705047241,0.8007400213268144,0.09001637018687779,
90,0.7627979186906988,0.7227212925975185,0.7773657581690144,0.8163793583564903,0.08133165025484251,,,0.738686748560415,0.6992807949141628,0.7539259195454018,0.8007413296966003,0.08926600097315732,
100,0.7655464223446851,0.7227218780051413,0.7773703304248493,0.824182317002392,0.08070849588648953,,,0.7397337943716429,0.6992823616097429,0.7539269111878605,0.8007425899540989,0.08842355179071563,
110,0.7672110418340019,0.7305362961090882,0.7851761637951372,0.8241812724297988,0.08007116849215341,,,0.7411825427800001,0.6992841036236868,0.7539284657231081,0.800743887497705,0.08791913836215162,
120,0.7687958327393871,0.7305387134454366,0.7851800754005278,0.8241805857180272,0.07947523206530555,,,0.741576298475598,0.6992811053339618,0.7617397688520973,0.8007458161542562,0.0874406416740962,
130,0.7704736219436243,0.7305401812175851,0.785182559206245,0.8241828618570244,0.07875873076686407,,,0.742334149132285,0.6992801744637882,0.7617398699864383,0.8007441491345098,0.08719239105576233,
140,0.7716792752129548,0.7383521202193141,0.7851829977417834,0.8241840490357564,0.07819176195010304,,,0.7426842165260713,0.6992795717838978,0.7617401834076022,0.800743749178144,0.08675010774139005,
150,0.7731716995159454,0.7383551945195808,0.7851863195495711,0.8241841794343969,0.07740663744430769,,,0.7437808139342832,0.7070960247648984,0.7617434810870528,0.8007468344293639,0.08648575651065908,
160,0.774622163166508,0.7383567840499495,0.7851878315306063,0.8241847976337661,0.07682470251306449,,,0.7442313726568751,0.7070959471759624,0.7617410980362544,0.8007460446904688,0.08625101003848118,
170,0.7759918940811076,0.7383577582262802,0.7929921879509313,0.8241852771946762,0.0761986723468995,,,0.7453395887897588,0.7070935878640784,0.761745419184196,0.8007475500853883,0.08594849173588713,
180,0.7772300967190265,0.7461550260899933,0.792994261668373,0.831980336920118,0.07560869037372125,,,0.745540686788913,0.7070953252140127,0.761745491529962,0.8007475138381757,0.08585735776282465,
190,0.7786057041294291,0.7461592766087188,0.7929955873891038,0.8319809448570887,0.07492960493178717,,,0.7467606792004058,0.7070943305708675,0.7617478307380809,0.8085457485374342,0.08554340093364826,
200,0.7796968203368848,0.7461594428556585,0.7929971589736534,0.831980035205015,0.07439698998399147,,,0.7468746756112354,0.7070968685305404,0.7617458294027011,0.8085449982151588,0.08546819067686946,
210,0.7810360219207074,0.7461611533930619,0.792999592109471,0.8319816416884448,0.07379880438481923,,,0.7480602557154429,0.7070960713128848,0.7617497092323933,0.8085465475521108,0.08518591968697602,
220,0.7818772443839764,0.7461619951363395,0.793000475237489,0.8319822860772254,0.07330006564301857,,,0.748410215825684,0.7070948213125412,0.7617503582828905,0.8085456641691019,0.0850187517100964,
230,0.7828529757070045,0.7539728631467699,0.7930019303715194,0.8319840354329503,0.07274454279914107,,,0.7489164563802243,0.7070953431086685,0.7617479898491222,0.8085502397221187,0.08491598498005971,
240,0.7837822216543762,0.7539739997468807,0.7930044579972535,0.8319843420819488,0.07226552686617323,,,0.7495299068758525,0.7070943047942173,0.7617508303704027,0.8085476656381523,0.08470249778840364,
250,0.7845700783717018,0.7539739545709065,0.8008044507068824,0.8319832351228282,0.07177278018026628,,,0.7498051272988324,0.7070975510028091,0.7695536391525555,0.8085509059419095,0.08454090463649608,
260,0.7855699518516944,0.7539765353723391,0.8008063838697195,0.831984261888772,0.0712206255702262,,,0.7505798559356552,0.7149078818027272,0.7695550627565629,0.8085502771911927,0.0843479321692746,
270,0.7861637781859739,0.7539755764791696,0.8008071578839686,0.8319846696539893,0.07078393436231635,,,0.7507520073628505,0.7149083936213951,0.7695550306937966,0.8085523833631635,0.08430027481796742,
280,0.7871763496333817,0.7539798072687612,0.8008094249298003,0.8319860078878408,0.07025923658624804,,,0.7516542287087002,0.7149091141353116,0.7695549294194941,0.8085526093653502,0.08405509361617687,
290,0.7876373726556617,0.7539796540431883,0.8008089987641163,0.8319852577028559,0.06990228909738967,,,0.7516524184961637,0.714909779952805,0.769556219948183,0.8085536249044321,0.08398034963873134,
300,0.7886236766808066,0.7617980478839022,0.8008103570632489,0.8319859884761441,0.06942174017650907,,,0.7526650607549954,0.7149093375809678,0.7695563320042724,0.8085533407756313,0.08383371148714532,
400,0.7945028058363767,0.7696134302359317,0.8086131223556849,0.8397783145855464,0.06572114875141039,,,0.7569868845347278,0.7149137208116956,0.7695641859832113,0.8163553551776579,0.08277485793320435,
500,0.798634744808506,0.7696220714598072,0.8086197412767323,0.8397794376700807,0.06297987178137959,,,0.7608510834326733,0.7227254804262028,0.7773721516080828,0.8163604552122284,0.0818286988528043,
600,0.8018429324979307,0.7774332552287609,0.8086243436986422,0.8397818707190381,0.060988061271699534,,,0.764402580879753,0.7305405366863823,0.7773788799340098,0.816367614225591,0.08093614516044528,
700,0.8043040548807339,0.7774375740299477,0.8164207533834209,0.8397825522805161,0.05949848687097048,,,0.7673580868431412,0.7305416852279502,0.785183934985185,0.8241644971484302,0.08019382342046968,
800,0.8062940898795439,0.7774417632252121,0.8164219039328258,0.8475805430851234,0.05846633649955418,,,0.7699458617204556,0.7383574147112573,0.7851916279534961,0.8241702327187994,0.07954565852071495,
900,0.8079524349220571,0.7774450058973155,0.8164228329554774,0.8475852019551361,0.05772697941938794,,,0.7720925381026086,0.7383589589603663,0.7851924938095932,0.8241738760861889,0.07902283793833059,
1000,0.8093112470972191,0.7852437926262058,0.8164245776994793,0.8475873245179456,0.057312323277290446,,,0.7740037467679838,0.7383572351197584,0.7929983218766699,0.8241758264388346,0.07851333425776902,
,,,,,,,,,,,,,
2021,HumanEdge,,,,,,,NaturalEdge,,,,,
Distance,NDVI_Mean,NDVI_P25,NDVI_P50,NDVI_P75,NDVI_StdDev,,,NDVI_Mean,NDVI_P25,NDVI_P50,NDVI_P75,NDVI_StdDev,
10,0.703504442487283,0.6329328703635458,0.7266242804632476,0.7889445420222718,0.1081428210173838,,,0.6730690350359464,0.6054969720118121,0.7070628953121618,0.7617131986421918,0.12489910255395592,
20,0.7206352437930351,0.6601918735889614,0.73830350225974,0.7929384769385115,0.09942117867434362,,,0.7009411383277322,0.6445684139812933,0.7305019915969856,0.7773290744620605,0.11040779048868016,
30,0.7269144016260739,0.6798580661604791,0.7422773176911668,0.7889382257301395,0.09285170178018057,,,0.7133635518598588,0.6680138683885715,0.7383163405835569,0.7851282954047053,0.10234851804066329,
40,0.7403646611202486,0.6955226462913943,0.7578868083191248,0.8045087745007597,0.08699049846927008,,,0.7263513394627915,0.6836446458954631,0.7461233598367282,0.7929374613072857,0.09654769753740439,
50,0.7482001475610512,0.7070900507379254,0.7617427674677962,0.8085488369584812,0.08377953951389151,,,0.7318238017510115,0.6914613393519229,0.7539273611606614,0.7929364129753792,0.09349403861632255,
60,0.7512600351621851,0.7070945345259652,0.7617481060203454,0.8085471125509682,0.08212006515594945,,,0.7348284747787099,0.6914666343995888,0.7539328388630095,0.7929388735980756,0.09084103327991523,
70,0.7553576354555395,0.714908805093841,0.7695548345880749,0.8085543251921361,0.08107331560138346,,,0.738970370770257,0.6992816647281259,0.7617464949104286,0.8007424517157317,0.08969527717271847,
80,0.7572112989203323,0.714911386825267,0.7695569934799539,0.8085526674427632,0.07961830472767767,,,0.7400882833257735,0.6992826221338996,0.7617444935551392,0.8007352332597077,0.0871569380763045,
90,0.7590819421897592,0.7227257621813999,0.7695625369542205,0.8163567630896418,0.07902255438041361,,,0.7416561984158342,0.7071021470142418,0.7617481131135821,0.8007395471307293,0.0870721016582016,
100,0.7614648045356198,0.7227264554557252,0.7773651900870432,0.8163594604940344,0.07823701012449705,,,0.7429334235108389,0.7070965822685745,0.7617489762324208,0.8007412533087682,0.08566759517068376,
110,0.7629724673789008,0.7305413469415899,0.7773692789363891,0.8163617678431337,0.0779743163851254,,,0.7443264674193174,0.7071003174964161,0.7617529946361205,0.8007410256695006,0.0854881974114629,
120,0.7637345772956702,0.7305402373228517,0.7773684641561643,0.8163616548884453,0.07739531109235928,,,0.7444096200490024,0.7070974916818747,0.7617479244083687,0.8007373265387797,0.0846383337657973,
130,0.7652674396063525,0.7305435359988967,0.7773714129042587,0.8163628649621797,0.07681410718383881,,,0.7453809523700705,0.707099034740763,0.7617500989947011,0.8007427916879686,0.08443506387768247,
140,0.7665718596453457,0.7305445164675721,0.7773749062765024,0.8163650103155503,0.07633222606950717,,,0.7461164013651651,0.7070986639502357,0.7617511393332863,0.8007409312607502,0.08399049754824367,
150,0.7673764920708913,0.7305454911564255,0.7773752010936591,0.8163654793446214,0.07587282899904386,,,0.7464173991977682,0.7070987574449695,0.7617537271843313,0.8007418527154175,0.083775530731661,
160,0.7687921276325873,0.738356272389579,0.7851780791616589,0.8163657787950082,0.07533025167502322,HumanEdge,,0.7473284648914114,0.7071008413213558,0.7617527578700767,0.8007434779577967,0.08350401685148362,
170,0.7697848258880662,0.7383577125441199,0.7851786811737218,0.8241699708708718,0.07491329270206981,,,0.7478514351082144,0.7071015139180516,0.7617562180629707,0.8007455839751835,0.08333202975110651,
180,0.7708355190068048,0.7383580637555099,0.7851798823247489,0.8241689724827097,0.07437813865993617,,,0.7482741640550791,0.7149136722793423,0.761754603516945,0.8007482705165735,0.0830478915750118,
190,0.771961389891667,0.7383589239862204,0.7851823001631757,0.8241715932102804,0.07397378636351169,,,0.7489686560016038,0.7149129285393467,0.7617554878214956,0.8085377066876923,0.08290442772020859,
200,0.7728938375082333,0.7383600987303299,0.7851834161553867,0.8241715044624197,0.07343950443640627,,,0.7494486628752305,0.7149136915773301,0.7695571873834082,0.8085386817203618,0.08267262220513916,
210,0.7738403036552751,0.7383606148589347,0.7851861216840433,0.8241740593189587,0.07313938824403489,,,0.7499348200899258,0.7149131819861477,0.7695577925066488,0.8085406135509074,0.08255116065707742,
220,0.7748515898238129,0.7383639950202854,0.7851873937297129,0.8241757235365016,0.07262432370807344,,,0.7506677459987962,0.7149141213669804,0.7695581803888255,0.8085412095076137,0.08226853334561862,
230,0.7753855746671718,0.7461592736533804,0.7851876204672608,0.8241750361315472,0.07229375706279559,,,0.7507170808433424,0.7149131496017214,0.769558940725181,0.8085414427365173,0.08218941389287111,
240,0.7763422510477472,0.7461589320655185,0.7929882746690207,0.8241767362364188,0.07185681335552159,,,0.7514363519373083,0.7149130668529103,0.7695592802090984,0.8085416791546851,0.08198588075841791,
250,0.7769850111324595,0.7461609692352902,0.7929888220462215,0.8241776346766302,0.07144851303938815,,,0.7517046511842095,0.7149139858665231,0.7695591596364482,0.8085439914869976,0.08177258076478604,
260,0.7778476610324119,0.7461614791269733,0.7929900415300472,0.8241775098666786,0.07110657327511744,,,0.7522128984161653,0.714913387514364,0.7695598197327165,0.808543906135322,0.08170737819552704,
270,0.778364499830911,0.7461625440950279,0.7929913494870156,0.8241788702598594,0.07068136752957528,,,0.7524956034770087,0.714915414592697,0.7695606385920212,0.8085455015503019,0.08154096573741096,
280,0.7792694136996285,0.7461632759042558,0.7929919260541511,0.8241800080881712,0.07030894904904801,,,0.753190232768474,0.7149145188150833,0.7695635033145128,0.8085474981305888,0.08144305194170759,
290,0.7796126610102263,0.7461643788853628,0.7929935013110209,0.8241793214917689,0.06998438659522448,,,0.7531446907302614,0.7149157357884056,0.7695619454983955,0.8085464655706499,0.08126608489314815,
300,0.7805092380002421,0.7461641035124623,0.792994193218892,0.8241824466343689,0.06965344649178642,,,0.7539764374501293,0.7149134015254714,0.7695614132332275,0.8085489014925344,0.08121222413812632,
400,0.7856054683281031,0.7539778933650413,0.8008007508308082,0.8319833277972883,0.06679770343741435,,,0.7573589068153791,0.722729460314342,0.7695662671598748,0.8085546481380255,0.08031349012409864,
500,0.7890874322859613,0.761797459424376,0.8008075803985075,0.8319875958530578,0.06468497642342942,,,0.7603466963136998,0.7227272887409749,0.7773724020771091,0.8163572393334967,0.0795334281119401,
600,0.7917399450950783,0.7618008595921302,0.8008108044412521,0.8319897792399363,0.06311390848721134,,,0.7629323064624257,0.730538182499697,0.7773768578582826,0.8163621481674583,0.07896248366140197,
700,0.7937522320944159,0.7618043971188866,0.8008121715854231,0.83978188769503,0.061960569855576825,,,0.765081878768115,0.7305430875784238,0.7773794844667352,0.8163685706760051,0.07847766318627004,
800,0.7953239637496016,0.7696111005227017,0.8086124008033693,0.8397821843702958,0.061139689924969876,,,0.7669431703165335,0.7305400739153061,0.785185305204458,0.816371220719073,0.07803532010009621,
900,0.7967169059357341,0.7696120530429751,0.8086125492557495,0.8397844795490205,0.06048448701220399,,,0.768511557215743,0.730542744813488,0.7851870494778653,0.8241685723259253,0.07768231863433311,
1000,0.7979704646412549,0.7696147544934612,0.8086148641405858,0.8397869745313368,0.059948013442318225,,,0.7697944923365457,0.7383539346626673,0.7851902479119345,0.8241757597137627,0.0773947415237603,
,,,,,,,,,,,,,
2022,HumanEdge,,,,,,,NaturalEdge,,,,,
Distance,NDVI_Mean,NDVI_P25,NDVI_P50,NDVI_P75,NDVI_StdDev,,,NDVI_Mean,NDVI_P25,NDVI_P50,NDVI_P75,NDVI_StdDev,
10,0.708531034733142,0.6329302361862723,0.7266300050166896,0.7890342681104261,0.11321608357370125,,,0.6799261234739354,0.6016735312947835,0.7110446585546312,0.7890431266725929,0.1363418963788935,
20,0.7295185356401639,0.6642124560133742,0.7422750932695515,0.8046292085944564,0.10302921628572043,,,0.7118066456214065,0.6485833824000842,0.7423130356185167,0.804620763931067,0.11908108365906667,
30,0.7372861214520927,0.679865790026262,0.7579005682246112,0.804609582560432,0.0958682734267625,,,0.725010702815628,0.6798566177937652,0.7579384570791152,0.8046345919266055,0.11044564694243146,
40,0.7533337776423248,0.7111519393518055,0.7735491264699795,0.820164987304823,0.08858177522813089,,,0.739525490004607,0.6914497304151869,0.7695668298054037,0.8085814607063914,0.10325846062038789,
50,0.7619424919736544,0.7267912189717088,0.7735865239447306,0.8202100158282936,0.08553841920901444,,,0.7456815603334075,0.7111559595945526,0.7735917326073115,0.8201716099804761,0.0998269601374889,
60,0.7645362680784518,0.7268064447355671,0.7891678639146608,0.8202078239440732,0.08381068972028456,,,0.7476096835507751,0.7111621198165015,0.7735875304124298,0.8201584819774568,0.09711372140622516,
70,0.7698216350548936,0.7268243302923083,0.7891973029316375,0.8202448651207038,0.08215974441040672,,,0.7532441645148427,0.7111695211987071,0.7736098099079609,0.8201940199820323,0.09512651853596114,
80,0.7712506572191475,0.7424327254616969,0.7892032181404629,0.8202427708168387,0.08104572726392069,,,0.7538766912307111,0.711181456838896,0.7736019895678924,0.8201741548580567,0.09280787769111776,
90,0.7736375586651127,0.7424405373280946,0.7892206589006808,0.8357270003608096,0.08054243164552274,,,0.7554618563659198,0.7111795718870542,0.7736036720225432,0.8201908968479497,0.09249606240518178,
100,0.7762795720822361,0.7424498480945438,0.7892354041588335,0.8357427381029157,0.07965540395489557,,,0.7575707316697491,0.7227184563491691,0.7773802267621509,0.8163835571556932,0.09087213295233917,
110,0.7773564912027692,0.7424538630803049,0.7892419897520574,0.8357556005348956,0.07937006129575559,,,0.758026048744011,0.726807990485775,0.773618516230485,0.8202023120915021,0.0905748584227974,
120,0.7784994004619769,0.7424592431751467,0.7892476799662703,0.8357601176983932,0.07871840854992794,,,0.7586991183910148,0.7268121647244524,0.7736120388347731,0.8202013561407206,0.08971628224248845,
130,0.7803829974629501,0.7424660982983734,0.8048085457901237,0.8357703863747108,0.07801759108625861,,,0.7596765662318263,0.7227173529640425,0.777381948589061,0.8241809825430366,0.08928667124735884,
140,0.7811560121642075,0.7424697636353735,0.8048134140382043,0.8357747527155195,0.07774784463730688,,,0.759842715182366,0.7268094686678765,0.7736131302880725,0.8202011697711734,0.0889344836097722,
150,0.7826579049942658,0.7580823844440107,0.8048246926110729,0.8357875168580718,0.0771273694999264,,,0.7607402209549112,0.7227217867105641,0.7773839022704481,0.824182389212125,0.08863237342196,
160,0.7835198811939618,0.7580855599042832,0.804829998051578,0.8357932275421023,0.076661945196385,,,0.7610775718994441,0.7227171375539685,0.785191311445823,0.8241812589012237,0.08837249994561236,
170,0.7849155187720868,0.7580918169203277,0.8048392513813137,0.8358080619980645,0.07612053132603062,,,0.7617586989351611,0.7268168780418935,0.7891905402292997,0.8202154317855513,0.08812068501135782,
180,0.7860315737140889,0.7580960085569559,0.8048474427166261,0.835810510362904,0.07550978122105727,,,0.7620970666292974,0.7268183071931023,0.7891900556014485,0.820212248863262,0.08771186753474307,
190,0.7871836669440964,0.7580975155889661,0.8048560395215966,0.8358252417617097,0.07509944703453042,,,0.7628864956450386,0.7268165155788301,0.7891941084384739,0.8202203996067358,0.08759680452313816,
200,0.7881159255771862,0.7581048790261029,0.8048585394164568,0.835827744720219,0.07456711886393683,,,0.7632364211631646,0.726818143134113,0.7891960899454535,0.8202220349283607,0.08729393709468636,
210,0.789470996217655,0.7581067575909329,0.8048681694434301,0.8358449701279035,0.07412289242531413,,,0.7640277770194257,0.7268205040019249,0.7891964873091533,0.8202300321527272,0.0871709370112926,
220,0.7901538614582522,0.7581077445979217,0.8048741513135911,0.8358473982566017,0.07378983097752158,,,0.7644683222545249,0.7305331954807334,0.7851934795534976,0.8241886881688135,0.08683895276026458,
230,0.790958054952847,0.7581130657693351,0.8048800406241493,0.8358564542980811,0.07326910227474147,,,0.7646850011158816,0.7268263537457493,0.7892021220218386,0.8202329507530546,0.08670626687090142,
240,0.7917682010918377,0.7581163078615235,0.8048838604759325,0.8358600805204324,0.07288149988231749,,,0.7653713349950594,0.726826597903918,0.7892038578151015,0.8202375381710214,0.0864908743236242,
250,0.7925479830528054,0.7581191917416905,0.8048893872685485,0.8358656331615173,0.07243771631993626,,,0.7655310618246469,0.7268260741765956,0.7892032100377567,0.8202362380387986,0.08620030759275918,
260,0.793308472382387,0.7581209768914915,0.8048934752602237,0.8358749486251221,0.07205427366220842,,,0.765951333384506,0.7268217239282351,0.7892064294101676,0.82024138282301,0.08614977914388927,
270,0.793948088477912,0.7581233321905149,0.8048990842635968,0.8358780273319709,0.07163219049562734,,,0.7662856486221163,0.7268270069635941,0.7892058173909886,0.8202451137422828,0.08596931213758746,
280,0.7947475301413338,0.7617962481713417,0.8086412477610054,0.8398158120372832,0.07125989735696595,,,0.7667492115318698,0.726828465164001,0.7892125489030025,0.8202471293894031,0.085831684824558,
290,0.7951703985398845,0.7737460743414502,0.8049065047187818,0.8358894074035321,0.07091334031787332,,,0.766716069529145,0.7268297428253793,0.7892100178287352,0.8202453909351176,0.0857072294402445,
300,0.7961009596714028,0.769609150307166,0.8086422323605843,0.839817540219124,0.07060439510635176,,,0.7675660465926191,0.7305344851838897,0.7851963582922254,0.8241949917917204,0.08562340171736585,
400,0.801454128861536,0.7737707638189776,0.8204780423488588,0.8513117584213201,0.06761980390574977,,,0.7706238691486313,0.7424300144400396,0.7892255737828974,0.8357346033765917,0.0844697942449322,
500,0.805165156738643,0.7737860976193114,0.8205073550904796,0.8513452832665958,0.06547413787637803,,,0.7733200819351054,0.7424393740000355,0.7892383362424956,0.8357628246256974,0.08346315816305938,
600,0.8079872576233805,0.7852435397902653,0.8242647387906462,0.8476260676829829,0.0639863151779482,,,0.7757609254792189,0.7383490229022492,0.7930122597549105,0.8320041091496134,0.08264689655983633,
700,0.8101410265568452,0.7852444290701773,0.8242702376042222,0.8554031624905014,0.06276217308837359,,,0.7778070306742707,0.7461465933113424,0.800820405203026,0.8320111674980449,0.08191841827275145,
800,0.8116970181151637,0.7852467464935362,0.824274478059119,0.8554113393042551,0.062010140575415054,,,0.7795481519614587,0.7461508376041885,0.8008210101711282,0.8320143662697597,0.08135273249228975,
900,0.8129601020093083,0.7852499055441856,0.8242740585720028,0.8554143798554491,0.06142222110930094,,,0.7809973342816625,0.7424590360857729,0.8048398241986178,0.8358336068765069,0.0808801500392228,
1000,0.8138546796630605,0.785248938296582,0.8242783284594423,0.8554169606180214,0.06111420115482263,,,0.7823415791832221,0.7461481848857402,0.8008254221580045,0.8398079541588178,0.08038617024761492,
,,,,,,,,,,,,,
2023,HumanEdge,,,,,,,NaturalEdge,,,,,
Distance,NDVI_Mean,NDVI_P25,NDVI_P50,NDVI_P75,NDVI_StdDev,,,NDVI_Mean,NDVI_P25,NDVI_P50,NDVI_P75,NDVI_StdDev,
10,0.7044478513694682,0.6329316145998091,0.7266176718467847,0.7890079777824479,0.11004398226100759,,,0.6790691534835084,0.6173040681462079,0.7110506023186034,0.7734194529760167,0.1328900996674662,
20,0.7226173861296379,0.6642060021597259,0.7422521893741456,0.8046201907528647,0.10256401356875869,,,0.7059665636242818,0.6485895356370469,0.7267035615368604,0.7890129890939326,0.11751445952250507,
30,0.7299782536256244,0.6798554054702716,0.74227989717083,0.8045785599295204,0.09546645473089212,,,0.7196591061290841,0.6642401948055616,0.7423216238927752,0.7890093743230043,0.10691358063760331,
40,0.7445650673235472,0.6955157415670699,0.7579065781634476,0.8046131306070863,0.08911847191384586,,,0.7339303588965834,0.6955257890932769,0.7579310704209676,0.8045548535837306,0.09948363943462114,
50,0.753496686015531,0.7111629794203886,0.7735247593393947,0.8201704662688925,0.08539608186710895,,,0.739594574028333,0.6955396182482402,0.7579419907798822,0.8045700413472769,0.09573928316927549,
60,0.7573054045529638,0.7111864551971395,0.7735378360597868,0.8201582916937306,0.08300040035849686,,,0.7421077359644563,0.6955600884656405,0.7579471840433275,0.8045537840967014,0.09277805124187348,
70,0.7612579511703234,0.7268087704045473,0.7735610338581858,0.8201783393603205,0.08192155345859534,,,0.7470103102045952,0.7070976508377744,0.7695595542665379,0.8085587732474494,0.09142339101180434,
80,0.7644371899076695,0.7268298999782132,0.7735799343067751,0.8201783099995341,0.08026072688418474,,,0.7482173049773213,0.7111972252598802,0.7735230666597535,0.8045659543304251,0.08896615081912253,
90,0.7661393025920444,0.7268316181651009,0.7891451934968529,0.820190385452706,0.07981757667772238,,,0.7492955329014143,0.7112017512179442,0.7735277280441623,0.8045750784176454,0.08861625043903452,
100,0.7689052922141191,0.7268425613975381,0.7891629976146828,0.8202007560416712,0.07891368200544674,,,0.7512367997738011,0.7112125780072347,0.773530870767893,0.8045836509352788,0.08720571674968272,
110,0.7701669037208722,0.7268489253474109,0.7891692013397974,0.8202092623634978,0.07850719390585903,,,0.7518770758412597,0.7112140221181644,0.773535022433802,0.8045810932076181,0.08683186834135848,
120,0.7716986484029843,0.7383509816497921,0.7851896664542708,0.8241858392973872,0.0778513945209323,,,0.7526431796172144,0.7112133105379801,0.7735360066501242,0.8045856677998332,0.08602448786890576,
130,0.7733233251203967,0.7424585869490389,0.7891915169619456,0.8202234225696369,0.07736786976586167,,,0.7534851605245189,0.7112166265172012,0.7735409690778035,0.8045897390889265,0.08573452398158524,
140,0.7746184210972535,0.7424672371511575,0.7891978169550197,0.8202252376557702,0.07677710943747577,,,0.7538187572342459,0.7112192667376995,0.7735414636753458,0.8045852424621042,0.08520028852553112,
150,0.7757786726115137,0.7424707126172749,0.7892082143718092,0.8202354113278805,0.07630463331506453,,,0.7544151953871102,0.7112200846977008,0.7735463812606779,0.8045945890745125,0.08503003567562196,
160,0.7772055519435134,0.7424783523187068,0.7892134309139863,0.8357107211350008,0.07572641412888013,,,0.7549253721624976,0.7149133536500852,0.7695627195243215,0.8085599024450616,0.08469977113590572,
170,0.7783101598996011,0.7461553314000277,0.7930041209455477,0.8319853841268969,0.07525940932761897,,,0.7555097508185806,0.7112262627671342,0.7735498256276803,0.8200870794949618,0.0844885784014419,
180,0.7795444713929157,0.7424877766005239,0.7892294613361482,0.8357229742078629,0.07470795536958288,,,0.7560129230274117,0.7268342847081253,0.7735521026585996,0.8200858096921917,0.08418722015578703,
190,0.7806571687123334,0.742490790397772,0.7892362816685892,0.8357315499487187,0.07424626169052426,,,0.7565671353258647,0.7268370369858469,0.7735561621882732,0.8200922306652093,0.08409625473576303,
200,0.7818942056907856,0.7581012548631567,0.7892430531198584,0.8357371202543011,0.07369348950094555,,,0.757132136154872,0.7268396837842621,0.7735577719017036,0.8200965959159932,0.08384080952325972,
210,0.7829516675527081,0.7581032979724401,0.8047768093235025,0.8357488066478959,0.07332188959677259,,,0.7577186140052893,0.7268406084149075,0.7735627832641285,0.8201027881112178,0.08369567995213191,
220,0.7838364848481701,0.7581092363558425,0.8047805560972701,0.835748851692197,0.07276214596897632,,,0.7581394021506779,0.7268390755564,0.773565655461114,0.82009873820846,0.08341275255851396,
230,0.7846060368317866,0.7581136388360357,0.8047881329389146,0.8357535154999721,0.07236804908825144,,,0.7584231440237666,0.7268426508597658,0.7735696380241246,0.8201005417882739,0.08333470921957638,
240,0.7856068281504551,0.7581192025663528,0.8047922683311418,0.8357573799077359,0.07190528195165473,,,0.7590313371621941,0.7268434294484515,0.7735679141892161,0.8201046110312392,0.08320987659582446,
250,0.7864080799196829,0.7581229114483198,0.8047954457260544,0.835761801946017,0.07138628935628107,,,0.759210377325223,0.7268435982560695,0.7735678006770865,0.820106329387333,0.08291785367069146,
260,0.7872037834656491,0.7581258664201784,0.8047998713357062,0.8357686671928515,0.07104814784614144,,,0.7596451923746983,0.7268446326188199,0.7735748835021119,0.8201112123946493,0.0828768315352779,
270,0.7878759622833262,0.758131812731905,0.8048048775102649,0.8357717696580113,0.0705986138605435,,,0.7599822262203217,0.7268403975067449,0.7735749954343639,0.8201130961923874,0.08277606935327485,
280,0.7886948805782622,0.7581359329588526,0.8048080952128168,0.835776403900753,0.07016732038674041,,,0.7604429901276863,0.7268457489354083,0.7735780211200737,0.8201179086394386,0.08264110044649742,
290,0.789235008493753,0.7581382216701209,0.8048120747916291,0.8357813655271861,0.06980875727197297,,,0.7604327004617695,0.7268445084429195,0.7735778748282774,0.8201189412012607,0.08248954028830037,
300,0.7900317779585196,0.7581435959525086,0.8048178784222322,0.835785764818724,0.06942452268757618,,,0.7611991958799127,0.7268447413290998,0.7735823319117476,0.8201226415321632,0.08245105252231406,
400,0.7954155248114895,0.7737661572472357,0.804851050904411,0.8358183265945582,0.06617592326242672,,,0.7641128092866503,0.7268544176938775,0.7736010208025613,0.8201454871561071,0.08162606058964299,
500,0.7988520089024247,0.7696196244425774,0.8086320389716735,0.8398052433160443,0.06383516115896394,,,0.7666454981959413,0.7305415409831154,0.7851855448751696,0.8241729764142397,0.08090559698989892,
600,0.8011742945828909,0.7774314594821524,0.8164330497902641,0.8398087495630415,0.06229352645119458,,,0.7687619214986351,0.7305401341407003,0.7851901246226449,0.8241780966670524,0.08038512607585147,
700,0.8026311421720248,0.7738120128089077,0.8204055544990019,0.8512699657527325,0.061289602941272864,,,0.7705816396441566,0.7424616219215177,0.789195477721097,0.820195806958691,0.07989729723817646,
800,0.8035501160364926,0.7738123978048558,0.8204144592277878,0.8512775117750285,0.060692892103542,,,0.7720882906098467,0.7424687446850231,0.7892074156955845,0.8202133550815397,0.07954218215035401,
900,0.8041145632795783,0.7774350638155229,0.8164418191975411,0.8476024604366873,0.06029456996821782,,,0.773321292355427,0.7383537725279037,0.7929990508544027,0.8241886217008679,0.07923485815065733,
1000,0.8043643611382011,0.7774379592061013,0.8164419986788309,0.8476020760457101,0.06012528481483378,,,0.7743781489447228,0.7383567035055891,0.7930029231635889,0.8319793213597507,0.07895798029243797,
